,Solar (MW),Wind (MW),flow violation (m3),flow penalty ($),loss of load penalty ($),Cost ($)
0,3407.8381984536363,14264.179404990527,19125217.66916941,191252176.69169408,0.0,26295212100.894978
