,Solar (MW),Wind (MW),flow violation (m3),flow penalty ($),loss of load penalty ($),Cost ($)
0,7001.860896153583,27610.021148006548,96387161292.86688,0.0,5674677110.168933,56932056330.454544
