,Solar (MW),Wind (MW),flow violation (m3),flow penalty ($),loss of load penalty ($),Cost ($)
0,11010.85035560121,30125.135722062943,2392713858.4615145,957085543.3846056,18215276991.975586,81167083186.33049
