,Solar (MW),Wind (MW),flow violation (m3),flow penalty ($),loss of load penalty ($),Cost ($)
0,10102.377116835773,24591.76550768926,82516259921.8492,16503251984.369839,6465081798.745956,75581084304.18515
