,Solar (MW),Wind (MW),flow violation (m3),flow penalty ($),loss of load penalty ($),Cost ($)
0,3594.0034302758377,14014.689752694509,21047798.559085708,0.0,0.0,26089771828.26882
