,Solar (MW),Wind (MW),flow violation (m3),flow penalty ($),loss of load penalty ($),Cost ($)
0,3101.66632340921,96456.7652450865,144675697792.95996,0.0,0.0,140622470725.25766
