,Solar (MW),Wind (MW),flow violation (m3),flow penalty ($),loss of load penalty ($),Cost ($)
0,11010.85035560121,30125.135722062943,2392713858.4615145,717814157.5384543,18215276991.975643,80927811800.48439
