,Solar (MW),Wind (MW),flow violation (m3),flow penalty ($),loss of load penalty ($),Cost ($)
0,8063.125742864956,25965.158243199297,94109492074.48317,9410949207.448318,6200904295.805698,66476701380.88995
